{"stats":{"minecraft:custom":{"minecraft:time_since_rest":8378,"minecraft:crouch_one_cm":17,"minecraft:sprint_one_cm":8303,"minecraft:play_time":8378,"minecraft:walk_one_cm":4569,"minecraft:sneak_time":188,"minecraft:walk_under_water_one_cm":295,"minecraft:mob_kills":6,"minecraft:jump":152,"minecraft:damage_dealt":540,"minecraft:leave_game":2,"minecraft:time_since_death":8378,"minecraft:walk_on_water_one_cm":482,"minecraft:total_world_time":8378,"minecraft:swim_one_cm":1604,"minecraft:fly_one_cm":111255},"minecraft:picked_up":{"minecraft:leather":4,"minecraft:beef":4,"minecraft:light_gray_wool":1,"minecraft:mutton":5,"minecraft:white_wool":2},"minecraft:killed":{"minecraft:sheep":3,"minecraft:cow":3},"minecraft:used":{"minecraft:netherite_sword":5,"minecraft:sand":2,"minecraft:beef":1}},"DataVersion":3955}