{"stats":{"minecraft:picked_up":{"minecraft:tipped_arrow":1,"minecraft:mojang_banner_pattern":1,"minecraft:beacon":2,"disenchanting_table:disenchanting_table":1,"minecraft:enchanted_book":2,"minecraft:gunpowder":2,"minecraft:arrow":4,"minecraft:bone":4,"minecraft:rotten_flesh":3,"minecraft:bow":1,"minecraft:netherite_sword":75,"minecraft:netherite_axe":7,"minecraft:totem_of_undying":4,"minecraft:enchanted_golden_apple":27,"minecraft:chest":1,"minecraft:nether_star":11},"minecraft:dropped":{"minecraft:enchanted_book":2,"minecraft:mojang_banner_pattern":1,"minecraft:nether_star":11,"minecraft:netherite_sword":22,"disenchanting_table:disenchanting_table":1,"minecraft:enchanted_golden_apple":29,"minecraft:beacon":2,"minecraft:totem_of_undying":4},"minecraft:killed":{"minecraft:zombie":6,"minecraft:stray":3,"minecraft:creeper":1},"minecraft:used":{"minecraft:netherite_sword":19,"minecraft:crying_obsidian":3,"minecraft:grass_block":4,"minecraft:chest":4,"minecraft:conduit":8,"minecraft:snow":1,"minecraft:bow":13,"disenchanting_table:disenchanting_table":2},"minecraft:custom":{"minecraft:time_since_rest":12386,"minecraft:sprint_one_cm":34864,"minecraft:damage_taken":30,"minecraft:walk_one_cm":46322,"minecraft:mob_kills":10,"minecraft:drop":72,"minecraft:damage_dealt":1543,"minecraft:fly_one_cm":104446,"minecraft:open_chest":6,"minecraft:crouch_one_cm":1007,"minecraft:play_time":23580,"minecraft:deaths":1,"minecraft:sneak_time":686,"minecraft:jump":538,"minecraft:leave_game":4,"minecraft:time_since_death":12361,"minecraft:total_world_time":23580,"minecraft:fall_one_cm":1719}},"DataVersion":3465}