{"stats":{"minecraft:picked_up":{"minecraft:tipped_arrow":1,"minecraft:mojang_banner_pattern":1,"minecraft:bone":2,"minecraft:arrow":4,"minecraft:rotten_flesh":3,"minecraft:bow":1,"disenchanting_table:disenchanting_table":1,"minecraft:netherite_sword":2,"minecraft:enchanted_book":2,"minecraft:totem_of_undying":4,"minecraft:enchanted_golden_apple":27,"minecraft:gunpowder":2},"minecraft:dropped":{"minecraft:enchanted_book":2,"minecraft:enchanted_golden_apple":29,"disenchanting_table:disenchanting_table":1,"minecraft:mojang_banner_pattern":1,"minecraft:totem_of_undying":4,"minecraft:netherite_sword":2},"minecraft:killed":{"minecraft:zombie":6,"minecraft:creeper":1,"minecraft:stray":2},"minecraft:used":{"minecraft:netherite_sword":17,"minecraft:bow":13,"minecraft:snow":1,"disenchanting_table:disenchanting_table":2},"minecraft:custom":{"minecraft:deaths":1,"minecraft:time_since_rest":386,"minecraft:crouch_one_cm":216,"minecraft:sprint_one_cm":19588,"minecraft:play_time":11580,"minecraft:walk_one_cm":20575,"minecraft:damage_taken":30,"minecraft:sneak_time":89,"minecraft:mob_kills":9,"minecraft:drop":39,"minecraft:jump":292,"minecraft:damage_dealt":1343,"minecraft:leave_game":4,"minecraft:time_since_death":361,"minecraft:total_world_time":11580,"minecraft:fall_one_cm":1719,"minecraft:fly_one_cm":57880}},"DataVersion":3465}