{"stats":{"minecraft:mined":{"minecraft:spruce_leaves":2},"minecraft:picked_up":{"minecraft:enchanted_golden_apple":24,"minecraft:netherite_sword":1,"disenchanting_table:disenchanting_table":1},"minecraft:dropped":{"disenchanting_table:disenchanting_table":1,"minecraft:snow":1,"minecraft:enchanted_golden_apple":22,"minecraft:netherite_sword":1},"minecraft:used":{"minecraft:enchanting_table":1,"disenchanting_table:disenchanting_table":1},"minecraft:custom":{"minecraft:jump":28,"minecraft:time_since_rest":453,"minecraft:crouch_one_cm":263,"minecraft:sprint_one_cm":3072,"minecraft:play_time":2407,"minecraft:deaths":1,"minecraft:time_since_death":423,"minecraft:walk_one_cm":4794,"minecraft:sneak_time":82,"minecraft:total_world_time":2407,"minecraft:drop":25,"minecraft:fall_one_cm":209,"minecraft:fly_one_cm":11056}},"DataVersion":3465}