{"stats":{"minecraft:mined":{"minecraft:spruce_leaves":2},"minecraft:picked_up":{"minecraft:music_disc_relic":1,"disenchanting_table:disenchanting_table":1,"minecraft:netherite_sword":21,"minecraft:birch_stairs":64,"minecraft:skull_banner_pattern":1,"minecraft:netherite_axe":15,"minecraft:wither_skeleton_skull":1,"minecraft:enchanted_golden_apple":24},"minecraft:dropped":{"minecraft:music_disc_relic":1,"minecraft:snow":1,"disenchanting_table:disenchanting_table":1,"minecraft:wither_skeleton_skull":1,"minecraft:enchanted_golden_apple":22,"minecraft:skull_banner_pattern":1,"minecraft:birch_stairs":64,"minecraft:netherite_sword":5,"minecraft:netherite_axe":22,"minecraft:chest":1},"minecraft:used":{"minecraft:enchanting_table":1,"minecraft:dirt":6,"minecraft:lime_concrete":1,"minecraft:bow":1,"minecraft:command_block":7,"minecraft:red_concrete":1,"minecraft:repeating_command_block":1,"minecraft:redstone_block":3,"minecraft:lingering_potion":17,"disenchanting_table:disenchanting_table":1},"minecraft:custom":{"minecraft:open_chest":2,"minecraft:time_since_rest":12453,"minecraft:crouch_one_cm":2084,"minecraft:play_time":14407,"minecraft:sprint_one_cm":12133,"minecraft:walk_one_cm":22955,"minecraft:deaths":1,"minecraft:sneak_time":703,"minecraft:drop":56,"minecraft:jump":108,"minecraft:time_since_death":12423,"minecraft:total_world_time":14407,"minecraft:fall_one_cm":209,"minecraft:fly_one_cm":36832}},"DataVersion":3465}